title,page,isbn,description,price
Fear Me Not (Den du frygter),79,244798617-3,mi in porttitor pede justo eu massa donec dapibus duis at velit eu,9034
Jim Breuer: And Laughter for All,80,439108079-6,massa id nisl venenatis lacinia aenean sit amet justo morbi ut odio cras mi pede,5742
Planet 51,9,733637005-5,cubilia curae duis faucibus accumsan odio curabitur convallis duis consequat dui,3483
IMAX: Hubble 3D,89,415759949-7,turpis adipiscing lorem vitae mattis nibh ligula nec sem duis aliquam convallis nunc proin at turpis,5006
"View to a Kill, A",62,716531834-8,luctus et ultrices posuere cubilia curae duis faucibus accumsan odio curabitur convallis duis consequat dui nec,9067
Monster in the Closet,86,206000854-9,pellentesque quisque porta volutpat erat quisque erat eros viverra eget congue eget semper rutrum,8323
"War Wagon, The",54,233423432-X,phasellus in felis donec semper sapien a libero nam dui proin leo odio porttitor id consequat,5068
Tokyo Olympiad,30,315566577-7,placerat ante nulla justo aliquam quis turpis eget elit sodales scelerisque mauris sit amet eros suspendisse accumsan,9892
Stranger on the Third Floor,49,413779393-X,lacus curabitur at ipsum ac tellus semper interdum mauris ullamcorper purus sit,2436
James Dean,61,354457173-0,tempus vivamus in felis eu sapien cursus vestibulum proin eu mi nulla ac enim in tempor turpis nec euismod scelerisque,6006
Jimmy's Hall,84,563298738-8,felis sed interdum venenatis turpis enim blandit mi in porttitor pede justo eu,1846
Little Hamlet,4,845922397-3,elit proin risus praesent lectus vestibulum quam sapien varius ut,4152
"Champion, The",29,847554680-3,et tempus semper est quam pharetra magna ac consequat metus sapien ut nunc vestibulum ante ipsum primis in faucibus orci,7474
Call Me Kuchu,31,334036123-1,id ligula suspendisse ornare consequat lectus in est risus auctor sed tristique in tempus sit amet sem,1267
Welcome to New York,8,827131399-1,venenatis turpis enim blandit mi in porttitor pede justo eu massa donec dapibus duis at velit eu est,8763
Passenger Side,60,100628697-7,donec ut dolor morbi vel lectus in quam fringilla rhoncus mauris enim leo rhoncus sed vestibulum sit amet,9733
White Noise 2: The Light,9,643168807-4,luctus tincidunt nulla mollis molestie lorem quisque ut erat curabitur gravida nisi at nibh in hac habitasse platea dictumst,2510
People I Know,44,181439407-9,cras pellentesque volutpat dui maecenas tristique est et tempus semper est quam pharetra magna ac consequat,8024
Baadasssss! (How to Get the Man's Foot Outta Your Ass),44,175257485-0,nunc vestibulum ante ipsum primis in faucibus orci luctus et ultrices posuere cubilia,3688
Get Over It,66,831086568-6,nullam molestie nibh in lectus pellentesque at nulla suspendisse potenti cras in purus eu magna,2065
Tall Story,81,952670175-5,consequat in consequat ut nulla sed accumsan felis ut at dolor quis,3928
I Feel Sleepy,57,972877674-8,lacinia nisi venenatis tristique fusce congue diam id ornare imperdiet,4914
Rated X: A Journey Through Porn,23,787998647-2,quam fringilla rhoncus mauris enim leo rhoncus sed vestibulum sit amet,4015
"Perfect Fake, A",92,519424317-0,ipsum integer a nibh in quis justo maecenas rhoncus aliquam lacus morbi quis tortor id nulla ultrices,3914
Ajami,83,392741589-8,nulla elit ac nulla sed vel enim sit amet nunc viverra dapibus nulla suscipit ligula in lacus,6796
"Razor's Edge, The",72,321734703-X,donec diam neque vestibulum eget vulputate ut ultrices vel augue vestibulum,2227
"Canterbury Tales, The (I racconti di Canterbury)",22,024365082-5,non velit nec nisi vulputate nonummy maecenas tincidunt lacus at velit vivamus vel nulla eget eros elementum,5825
"Master, The",9,491008618-8,id justo sit amet sapien dignissim vestibulum vestibulum ante ipsum primis in faucibus orci luctus et ultrices,9766
Tales from the Crypt,57,490270899-X,nisl duis bibendum felis sed interdum venenatis turpis enim blandit mi in porttitor,6866
Three Men and a Cradle (3 hommes et un couffin),15,196870737-9,pellentesque quisque porta volutpat erat quisque erat eros viverra eget,3400
Pauline détective,29,075964516-7,vel lectus in quam fringilla rhoncus mauris enim leo rhoncus sed vestibulum sit amet cursus id turpis,4788
Brown Sugar,74,248201454-9,auctor sed tristique in tempus sit amet sem fusce consequat nulla,5138
Ricky Gervais Live: Animals,10,626307384-5,ac leo pellentesque ultrices mattis odio donec vitae nisi nam ultrices libero non mattis pulvinar,2780
"New Kind of Love, A",91,036194215-X,volutpat convallis morbi odio odio elementum eu interdum eu tincidunt in leo maecenas pulvinar lobortis est phasellus sit amet erat,3987
"Trip, The",78,485050282-2,duis consequat dui nec nisi volutpat eleifend donec ut dolor morbi vel lectus,4861
Mesrine: Killer Instinct (L'instinct de mort),52,122747041-X,porta volutpat erat quisque erat eros viverra eget congue eget semper rutrum nulla nunc purus phasellus in felis,9722
Until September,43,309400926-3,nulla nunc purus phasellus in felis donec semper sapien a libero nam,859
Odette Toulemonde,52,719527959-6,in porttitor pede justo eu massa donec dapibus duis at velit eu,2011
The (Dead Mothers) Club,93,665771412-2,odio elementum eu interdum eu tincidunt in leo maecenas pulvinar,5828
Love and Other Drugs,3,560625168-X,sapien cum sociis natoque penatibus et magnis dis parturient montes nascetur ridiculus mus etiam vel augue vestibulum rutrum rutrum neque,6980
"Squaw Man, The",98,849646339-7,erat curabitur gravida nisi at nibh in hac habitasse platea dictumst aliquam augue quam sollicitudin,5039
"Incredible Hulk Returns, The",47,207454695-5,volutpat dui maecenas tristique est et tempus semper est quam,5868
Shit Year,80,266258461-0,molestie lorem quisque ut erat curabitur gravida nisi at nibh in hac habitasse platea dictumst aliquam augue quam sollicitudin,350
American Ninja 5,19,227427121-6,quis turpis sed ante vivamus tortor duis mattis egestas metus aenean fermentum donec ut,3184
Shooting Gallery,99,671786510-5,non quam nec dui luctus rutrum nulla tellus in sagittis dui vel nisl duis,6980
Labor Pains,2,669685034-1,semper porta volutpat quam pede lobortis ligula sit amet eleifend,8579
Bringing Up Bobby,48,860838269-5,eu est congue elementum in hac habitasse platea dictumst morbi vestibulum velit,2884
Revenge of the Ninja,97,105932874-7,ultricies eu nibh quisque id justo sit amet sapien dignissim vestibulum vestibulum ante ipsum primis,279
"Noah's Arc Principle, The (Arche Noah Prinzip, Das)",49,879948630-X,vulputate elementum nullam varius nulla facilisi cras non velit nec,2611
Passeio com Johnny Guitar,18,617262349-4,accumsan tellus nisi eu orci mauris lacinia sapien quis libero nullam,2791
Ice Age,49,723097253-1,proin risus praesent lectus vestibulum quam sapien varius ut blandit non interdum in ante vestibulum,2072
Life Is Hot in Cracktown,31,690948319-7,nisl nunc nisl duis bibendum felis sed interdum venenatis turpis enim blandit mi,7957
Valley of Head Hunters,81,765940938-7,ultrices posuere cubilia curae nulla dapibus dolor vel est donec odio,220
Seven Brothers (Seitsemän veljestä),26,499300651-9,tincidunt in leo maecenas pulvinar lobortis est phasellus sit amet erat nulla tempus vivamus in felis eu sapien cursus,2610
"Pledge, The",99,072265676-9,vel sem sed sagittis nam congue risus semper porta volutpat quam pede lobortis,6920
Good Advice,45,269091487-5,eu sapien cursus vestibulum proin eu mi nulla ac enim in tempor,3049
Search and Destroy,26,011449831-8,nec molestie sed justo pellentesque viverra pede ac diam cras pellentesque volutpat dui maecenas tristique,3119
"Common Man, A",82,702861820-X,convallis duis consequat dui nec nisi volutpat eleifend donec ut dolor morbi,2246
Alive and Ticking (Ein Tick anders),76,450583990-7,ultrices vel augue vestibulum ante ipsum primis in faucibus orci,9409
Capricorn One,70,169950864-X,nisi nam ultrices libero non mattis pulvinar nulla pede ullamcorper augue a,1116
Toys,15,299216328-7,morbi ut odio cras mi pede malesuada in imperdiet et commodo vulputate justo in blandit ultrices,879
Damn Yankees!,21,007546266-4,magnis dis parturient montes nascetur ridiculus mus etiam vel augue vestibulum rutrum,9870
Dutchman,99,423336957-4,rhoncus aliquam lacus morbi quis tortor id nulla ultrices aliquet maecenas leo odio condimentum id,7219
Marriage Material,45,098862003-0,sem duis aliquam convallis nunc proin at turpis a pede posuere nonummy integer non velit donec diam neque vestibulum,563
Top Hat,72,329012162-3,rutrum nulla tellus in sagittis dui vel nisl duis ac nibh fusce lacus,2822
Vision Quest,45,663094405-4,ut volutpat sapien arcu sed augue aliquam erat volutpat in congue etiam justo etiam,5817
Jesse Stone: Benefit of the Doubt,68,333233513-8,sapien a libero nam dui proin leo odio porttitor id consequat in consequat ut nulla sed accumsan,5662
French Fried Vacation 3 (Les bronzés 3: amis pour la vie),6,520931697-1,tempus semper est quam pharetra magna ac consequat metus sapien ut nunc vestibulum ante ipsum,5279
A Chairy Tale,60,509781779-6,id sapien in sapien iaculis congue vivamus metus arcu adipiscing molestie hendrerit at vulputate vitae nisl aenean lectus pellentesque eget,4157
IMAX: Coral Reef Adventure,2,008410408-2,semper est quam pharetra magna ac consequat metus sapien ut nunc vestibulum ante,3378
Bowling for Columbine,70,755662259-2,convallis tortor risus dapibus augue vel accumsan tellus nisi eu orci mauris lacinia sapien quis libero,5902
Friends & Lovers,80,490213639-2,volutpat in congue etiam justo etiam pretium iaculis justo in hac habitasse platea,4626
Sexual Life,21,719552355-1,sit amet consectetuer adipiscing elit proin risus praesent lectus vestibulum quam sapien varius,4338
Attack of the 5 Ft. 2 Women (National Lampoon's Attack of the 5 Ft 2 Woman),16,597168890-1,quis orci nullam molestie nibh in lectus pellentesque at nulla suspendisse potenti cras in purus eu magna vulputate luctus cum,9323
Come Early Morning,3,570604498-8,fringilla rhoncus mauris enim leo rhoncus sed vestibulum sit amet cursus,7097
"Vicious Kind, The",19,171750204-0,mattis odio donec vitae nisi nam ultrices libero non mattis pulvinar nulla pede ullamcorper,5413
"Crystal Ball, The",8,591800947-7,integer tincidunt ante vel ipsum praesent blandit lacinia erat vestibulum sed magna at nunc commodo placerat praesent blandit,6416
Fun,51,434522138-2,pharetra magna vestibulum aliquet ultrices erat tortor sollicitudin mi sit amet,6138
Big Animal (Duze zwierze),51,716826966-6,fermentum justo nec condimentum neque sapien placerat ante nulla justo aliquam quis turpis eget,2184
Dance of Outlaws (Häätanssi),100,540780242-2,viverra diam vitae quam suspendisse potenti nullam porttitor lacus at turpis donec posuere metus,3958
Bright Leaves,12,199287236-8,erat volutpat in congue etiam justo etiam pretium iaculis justo in hac habitasse platea dictumst etiam faucibus cursus urna ut,1113
A Blank on the Map,36,276572360-5,pulvinar nulla pede ullamcorper augue a suscipit nulla elit ac nulla sed vel enim,5889
Shoot-Out at Medicine Bend,63,392441129-8,velit eu est congue elementum in hac habitasse platea dictumst morbi vestibulum velit id pretium iaculis diam erat fermentum,846
Mistress,40,549001925-5,volutpat in congue etiam justo etiam pretium iaculis justo in hac habitasse,2832
Ski School,41,760147556-5,dapibus dolor vel est donec odio justo sollicitudin ut suscipit a feugiat,1667
I Origins,25,501299994-0,congue risus semper porta volutpat quam pede lobortis ligula sit amet eleifend pede libero quis orci nullam,8415
Confessions from a Holiday Camp,90,199203288-2,sit amet erat nulla tempus vivamus in felis eu sapien cursus vestibulum proin eu mi,6350
Charlie Chan in Rio,74,618033447-1,blandit nam nulla integer pede justo lacinia eget tincidunt eget tempus vel pede morbi porttitor,9111
Return from Witch Mountain,15,083665704-7,egestas metus aenean fermentum donec ut mauris eget massa tempor convallis nulla,1808
Double Dynamite,8,165469405-3,ultrices erat tortor sollicitudin mi sit amet lobortis sapien sapien non mi integer ac neque duis bibendum morbi,703
12 O'Clock Boys,29,913024720-9,praesent blandit lacinia erat vestibulum sed magna at nunc commodo placerat praesent blandit nam nulla integer pede justo lacinia eget,696
Who Are the DeBolts? [And Where Did They Get 19 Kids?],11,160163979-1,bibendum morbi non quam nec dui luctus rutrum nulla tellus in,8445
Imagine: John Lennon,14,212596590-9,sit amet turpis elementum ligula vehicula consequat morbi a ipsum,6293
"Chronicles of Narnia: Prince Caspian, The",100,637268721-6,bibendum morbi non quam nec dui luctus rutrum nulla tellus,3734
"Enemy Within, The (O ehthros mou)",2,148876927-3,tincidunt lacus at velit vivamus vel nulla eget eros elementum pellentesque quisque porta volutpat erat,5933
Monsieur Verdoux,90,694222662-9,pulvinar lobortis est phasellus sit amet erat nulla tempus vivamus in felis eu sapien cursus vestibulum proin eu,3649
Daria: Is It Fall Yet?,97,441643429-4,mauris laoreet ut rhoncus aliquet pulvinar sed nisl nunc rhoncus dui vel sem sed sagittis nam congue risus semper porta,5300
Tangerines,17,832206264-8,justo eu massa donec dapibus duis at velit eu est congue elementum in,1925
Dragonslayer,17,907430682-9,auctor gravida sem praesent id massa id nisl venenatis lacinia aenean sit amet justo morbi ut odio cras mi,1480
Fireworks Wednesday (Chaharshanbe-soori),96,096595525-7,eget congue eget semper rutrum nulla nunc purus phasellus in felis donec semper sapien a,5140
